Designator,Val,Package,Mid X,Mid Y,Rotation,Layer
C1,10u,C_0805_2012Metric_Pad1.18x1.45mm_HandSolder,143.2,-76.3,0.0,top
C10,1 uF,C_0603_1608Metric_Pad1.08x0.95mm_HandSolder,81.0,-109.0625,90.0,top
C11,47nF,C_0603_1608Metric_Pad1.08x0.95mm_HandSolder,44.333333,-38.4,-90.0,top
C12,1 uF,C_0603_1608Metric_Pad1.08x0.95mm_HandSolder,103.4,-89.8,90.0,top
C13,47nF,C_0603_1608Metric_Pad1.08x0.95mm_HandSolder,46.0,-38.4,-90.0,top
C14,47nF,C_0603_1608Metric_Pad1.08x0.95mm_HandSolder,47.666666,-38.4,-90.0,top
C15,47nF,C_0603_1608Metric_Pad1.08x0.95mm_HandSolder,49.333333,-38.4,-90.0,top
C2,10u,C_0805_2012Metric_Pad1.18x1.45mm_HandSolder,89.875,-75.225,180.0,top
C4,0.1 uF,C_0603_1608Metric_Pad1.08x0.95mm_HandSolder,73.9375,-123.0,0.0,top
C5,0.1 uF,C_0603_1608Metric_Pad1.08x0.95mm_HandSolder,67.7,-81.05,0.0,top
C6,0.1 uF,C_0603_1608Metric_Pad1.08x0.95mm_HandSolder,95.496828,-118.250707,-90.0,top
C7,0.1 uF,C_0603_1608Metric_Pad1.08x0.95mm_HandSolder,99.7,-105.9,90.0,top
C8,1 uF,C_0603_1608Metric_Pad1.08x0.95mm_HandSolder,74.4,-126.4,180.0,top
C9,1 uF,C_0603_1608Metric_Pad1.08x0.95mm_HandSolder,90.4,-91.1,90.0,top
D1,D_Schottky_Dual_CommonCathode_AAK_Parallel,SOT-23,86.25,-28.05,90.0,top
D10,24V,LED_0603_1608Metric_Pad1.05x0.95mm_HandSolder,89.5325,-31.8,0.0,top
D11,D_Zener,D_SOD-523,93.7,-62.6,-90.0,top
D12,LED,LED_0603_1608Metric_Pad1.05x0.95mm_HandSolder,24.2,-35.8,90.0,top
D14,24V,LED_0603_1608Metric_Pad1.05x0.95mm_HandSolder,86.2,-84.7,90.0,top
D15,24V,LED_0603_1608Metric_Pad1.05x0.95mm_HandSolder,54.8375,-107.55,0.0,top
D16,24V,LED_0603_1608Metric_Pad1.05x0.95mm_HandSolder,81.05,-119.75,90.0,top
D19,24V,LED_0603_1608Metric_Pad1.05x0.95mm_HandSolder,148.2,-83.2,-90.0,top
D2,LED,LED_0603_1608Metric_Pad1.05x0.95mm_HandSolder,58.1125,-141.6,180.0,top
D20,24V,LED_0603_1608Metric_Pad1.05x0.95mm_HandSolder,117.9,-85.9,90.0,top
D22,24V,LED_0603_1608Metric_Pad1.05x0.95mm_HandSolder,132.25,-92.3,90.0,top
D26,SMBJ33D,SMBJ15DM3,74.199999,-130.6,0.0,top
D27,SMBJ33D,SMBJ15DM3,87.3,-90.2,-90.0,top
D3,SMBJ33D,SMBJ15DM3,142.4,-85.199999,-90.0,top
D4,SMBJ33D,SMBJ15DM3,91.2,-80.7,0.0,top
D5,HPZR-C3V0-QX,HPZRC3V0QX,99.799999,-126.8,0.0,top
D6,LED,LED_0603_1608Metric_Pad1.05x0.95mm_HandSolder,18.525,-36.0,90.0,top
D7,LED,LED_0603_1608Metric_Pad1.05x0.95mm_HandSolder,58.0,-139.8,180.0,top
D8,24V,LED_0603_1608Metric_Pad1.05x0.95mm_HandSolder,104.8,-25.6,0.0,top
D9,D_Zener,D_SOD-523,136.1,-62.875,90.0,top
IC1,AP74502HQTA8-7,AP74502HQTA87,92.175,-119.0,0.0,top
IC2,AP74502HQTA8-7,AP74502HQTA87,103.6,-101.675,-90.0,top
IC3,TMCS1126C4AQDVGR,TMCS1126C4AQDVGR,72.4,-88.5,90.0,top
IC4,TMCS1126C4AQDVGR,TMCS1126C4AQDVGR,73.86,-115.6,-90.0,top
Q10,IRLML0030,SOT-23,39.1,-40.55,270.0,top
Q11,IRLML0030,SOT-23,39.1,-44.05,270.0,top
Q5,NVMFWS1D7N04XMT1G,NVMFWS3D0P04M8LT1G,85.745,-122.99,180.0,top
Q6,IRLML0030,SOT-23,99.6,-121.342499,0.0,top
Q7,NVMFWS1D7N04XMT1G,NVMFWS3D0P04M8LT1G,95.81,-95.405,90.0,top
Q8,NVMFWS1D7N04XMT1G,NVMFWS3D0P04M8LT1G,85.745,-114.33,0.0,top
Q9,NVMFWS1D7N04XMT1G,NVMFWS3D0P04M8LT1G,104.47,-95.405,-90.0,top
R1,255k,R_0603_1608Metric_Pad0.98x0.95mm_HandSolder,94.0,-115.5,180.0,top
R10,10k,R_0603_1608Metric_Pad0.98x0.95mm_HandSolder,41.9,-41.8,90.0,top
R11,10k,R_0603_1608Metric_Pad0.98x0.95mm_HandSolder,41.9,-46.2,90.0,top
R12,1k,R_0603_1608Metric_Pad0.98x0.95mm_HandSolder,18.55,-32.475,-90.0,top
R13,198k,R_0603_1608Metric_Pad0.98x0.95mm_HandSolder,102.2,-105.1,0.0,top
R14,10k,R_0603_1608Metric_Pad0.98x0.95mm_HandSolder,97.05,-121.6125,-90.0,top
R15,10k,R_0603_1608Metric_Pad0.98x0.95mm_HandSolder,98.4,-124.1,0.0,top
R16,4.3k,R_0603_1608Metric_Pad0.98x0.95mm_HandSolder,54.6,-141.6,0.0,top
R18,1k,R_0603_1608Metric_Pad0.98x0.95mm_HandSolder,24.2,-32.4,-90.0,top
R19,4.3k,R_0603_1608Metric_Pad0.98x0.95mm_HandSolder,54.6,-139.8,0.0,top
R21,10k,R_0603_1608Metric_Pad0.98x0.95mm_HandSolder,35.1875,-39.8,0.0,top
R22,10k,R_0603_1608Metric_Pad0.98x0.95mm_HandSolder,35.1875,-41.4,180.0,top
R23,10k,R_0603_1608Metric_Pad0.98x0.95mm_HandSolder,35.1875,-43.3,0.0,top
R24,10k,R_0603_1608Metric_Pad0.98x0.95mm_HandSolder,35.1875,-44.9,180.0,top
R25,4.3k,R_0603_1608Metric_Pad0.98x0.95mm_HandSolder,108.4875,-25.6,180.0,top
R26,4.3k,R_0603_1608Metric_Pad0.98x0.95mm_HandSolder,89.4875,-33.6,0.0,top
R27,4.3k,R_0603_1608Metric_Pad0.98x0.95mm_HandSolder,86.15,-81.025,-90.0,top
R28,4.3k,R_0603_1608Metric_Pad0.98x0.95mm_HandSolder,58.35,-107.55,180.0,top
R29,4.3k,R_0603_1608Metric_Pad0.98x0.95mm_HandSolder,81.1,-116.45,-90.0,top
R3,1.2,R_0603_1608Metric,139.625,-76.3,0.0,top
R30,0,R_0603_1608Metric_Pad0.98x0.95mm_HandSolder,67.175,-104.0,90.0,top
R31,4.3k,R_0603_1608Metric_Pad0.98x0.95mm_HandSolder,148.2,-86.8,90.0,top
R32,4.3k,R_0603_1608Metric_Pad0.98x0.95mm_HandSolder,117.9,-82.3,-90.0,top
R33,100k,R_0603_1608Metric_Pad0.98x0.95mm_HandSolder,97.050707,-118.250707,-90.0,top
R34,0,R_0603_1608Metric_Pad0.98x0.95mm_HandSolder,67.175,-100.625,90.0,top
R35,4.7k,R_0603_1608Metric_Pad0.98x0.95mm_HandSolder,44.333333,-41.8,90.0,top
R36,0,R_0603_1608Metric_Pad0.98x0.95mm_HandSolder,91.9875,-59.5,0.0,top
R37,4.3k,R_0603_1608Metric_Pad0.98x0.95mm_HandSolder,129.75,-92.3,90.0,top
R38,0,R_0603_1608Metric_Pad0.98x0.95mm_HandSolder,50.28,-149.85,90.0,top
R39,10k,R_0603_1608Metric_Pad0.98x0.95mm_HandSolder,102.2,-106.7,180.0,top
R4,1.2,R_0603_1608Metric,91.6,-77.5,180.0,top
R40,4.7k,R_0603_1608Metric_Pad0.98x0.95mm_HandSolder,46.0,-41.8,90.0,top
R41,1k,R_0603_1608Metric_Pad0.98x0.95mm_HandSolder,95.5,-121.6125,-90.0,top
R42,100k,R_0603_1608Metric_Pad0.98x0.95mm_HandSolder,24.6,-138.2,90.0,top
R43,100k,R_0603_1608Metric_Pad0.98x0.95mm_HandSolder,22.999491,-138.196327,90.0,top
R44,10k,R_0603_1608Metric_Pad0.98x0.95mm_HandSolder,94.0,-113.9,0.0,top
R45,4.7k,R_0603_1608Metric_Pad0.98x0.95mm_HandSolder,49.333333,-41.8,90.0,top
R5,1.3m,WSLF25121L300FEA,118.81802,-47.05,90.0,top
R6,1.3m,WSLF25121L300FEA,111.3,-47.05,90.0,top
R7,10k,R_0603_1608Metric_Pad0.98x0.95mm_HandSolder,57.5,-38.25,90.0,top
R8,10k,R_0603_1608Metric_Pad0.98x0.95mm_HandSolder,54.25,-38.25,90.0,top
R9,4.7k,R_0603_1608Metric_Pad0.98x0.95mm_HandSolder,47.666666,-41.8,90.0,top
